station_id,Bankine kortele,Per programėlę,RFID tokenu,Grynaisiais pinigais,SMS žinute,Nemokamai
260,0,0,0,0,0,1
272,0,0,0,0,0,1
321,0,0,1,0,0,0
322,0,0,1,0,0,0
323,1,0,1,0,0,0
324,0,0,1,0,0,0
325,0,0,1,0,0,0
375,0,0,1,0,0,0
376,0,0,1,0,0,0
377,0,0,1,0,0,0
378,0,0,1,0,0,0
379,0,0,1,0,0,0
380,1,0,1,0,0,0
381,0,0,1,0,0,0
382,0,0,1,0,0,0
383,0,0,1,0,0,0
384,0,0,1,0,0,0
385,0,0,1,0,0,0
386,0,0,1,0,0,0
387,1,0,1,0,0,0
388,0,0,1,0,0,0
389,0,0,1,0,0,0
390,0,0,1,0,0,0
396,0,0,1,0,0,0
397,0,0,1,0,0,0
398,0,0,1,0,0,0
401,0,0,1,0,0,0
402,0,0,1,0,0,0
403,0,0,1,0,0,0
404,0,0,1,0,0,0
406,0,0,1,0,0,0
408,0,0,1,0,0,0
409,0,0,1,0,0,0
410,0,0,1,0,0,0
412,0,0,1,0,0,0
413,0,0,1,0,0,0
414,0,0,1,0,0,0
416,0,0,1,0,0,0
417,0,0,1,0,0,0
418,0,0,1,0,0,0
419,0,0,1,0,0,0
420,0,0,1,0,0,0
421,0,0,1,0,0,0
422,0,0,1,0,0,0
423,0,0,1,0,0,0
424,0,0,1,0,0,0
425,0,0,1,0,0,0
428,0,0,1,0,0,0
429,0,0,1,0,0,0
430,0,0,1,0,0,0
431,0,0,1,0,0,0
432,0,0,1,0,0,0
433,0,0,1,0,0,0
434,0,0,1,0,0,0
435,0,0,1,0,0,0
436,0,0,1,0,0,0
439,0,0,1,0,0,0
440,0,0,1,0,0,0
441,0,0,1,0,0,0
442,0,0,1,0,0,0
443,0,0,1,0,0,0
451,0,0,1,0,0,0
454,0,0,0,0,0,1
455,1,0,1,0,0,0
498,0,0,1,0,0,0
499,0,0,1,0,0,0
500,0,0,1,0,0,0
501,0,0,1,0,0,1
503,0,0,1,0,0,0
504,0,0,1,0,0,0
505,0,0,1,0,0,0
508,0,0,0,0,0,1
515,0,0,0,0,0,1
517,0,0,0,0,0,1
531,0,0,1,0,0,0
532,0,0,1,0,0,0
535,0,0,1,0,0,0
536,0,0,1,0,0,0
538,0,0,1,0,0,0
539,0,0,1,0,0,0
540,0,0,1,0,0,0
584,0,0,1,0,0,0
598,0,0,0,0,0,1
599,0,0,0,0,0,1
670,0,0,1,0,0,0
671,0,0,1,0,0,0
672,0,0,1,0,0,0
703,0,0,1,0,0,0
704,0,0,1,0,0,0
705,0,0,1,0,0,0
707,1,0,1,0,0,0
709,1,0,1,0,0,0
710,1,0,1,0,0,0
712,1,0,1,0,0,0
715,1,0,1,0,0,0
717,1,0,1,0,0,0
737,1,0,1,0,0,0
1269,0,0,1,0,0,0
1302,1,0,1,0,0,0
1314,0,0,1,0,0,1
1315,0,0,1,0,0,0
1316,0,0,1,0,0,0
1317,0,0,1,0,0,0
1321,0,0,1,0,0,0
1353,1,0,1,0,0,0
1354,0,0,1,0,0,0
1363,0,0,1,0,0,0
1364,0,0,1,0,0,0
1477,0,0,1,0,0,0
1478,0,0,1,0,0,0
1529,0,0,1,0,0,0
1530,0,0,1,0,0,0
1531,0,0,1,0,0,0
1532,0,0,1,0,0,0
1534,0,0,1,0,0,0
1554,0,0,1,0,0,0
1556,0,0,1,0,0,0
1557,0,0,1,0,0,0
1562,0,0,1,0,0,0
1641,0,0,1,0,0,0
1644,0,0,1,0,0,0
1645,0,0,1,0,0,0
1650,0,0,1,0,0,0
1653,0,0,1,0,0,0
1655,0,0,1,0,0,0
1656,0,0,1,0,0,0
1658,0,0,1,0,0,0
1659,0,0,1,0,0,0
1662,0,0,1,0,0,0
1663,0,0,1,0,0,0
1664,0,0,1,0,0,0
1666,0,0,1,0,0,0
1844,0,0,1,0,0,0
1845,0,0,1,0,0,0
1846,0,0,1,0,0,0
1848,0,0,1,0,0,0
1851,0,0,1,0,0,0
1852,0,0,1,0,0,0
1855,0,0,1,0,0,0
1866,0,0,1,0,0,0
1867,0,0,1,0,0,0
1868,0,0,1,0,0,0
1872,0,0,0,0,0,1
1874,0,0,1,0,0,0
1917,0,0,1,0,0,0
1918,0,0,1,0,0,0
1919,0,0,1,0,0,0
1920,0,0,1,0,0,0
1921,0,0,1,0,0,0
1922,0,0,1,0,0,0
1923,0,0,1,0,0,0
1924,0,0,1,0,0,0
1925,0,0,1,0,0,0
1926,0,0,1,0,0,0
1927,0,0,1,0,0,0
1928,0,0,1,0,0,0
1929,0,0,1,0,0,0
1931,0,0,1,0,0,0
1932,0,0,1,0,0,0
1933,0,0,1,0,0,0
1937,0,0,1,0,0,0
1938,0,0,1,0,0,0
1939,0,0,1,0,0,0
1940,0,0,1,0,0,0
1941,0,0,1,0,0,0
1942,1,0,1,0,0,0
1943,0,0,1,0,0,0
1944,0,0,1,0,0,0
2439,0,0,1,0,0,0
2575,0,0,1,0,0,0
2576,0,0,1,0,0,0
2577,0,0,1,0,0,0
2580,0,0,1,0,0,0
2581,0,0,1,0,0,0
2584,0,0,1,0,0,0
2585,0,0,1,0,0,0
2586,0,0,1,0,0,0
2587,0,0,1,0,0,0
2593,0,0,1,0,0,0
2594,0,0,1,0,0,0
2595,0,0,1,0,0,0
2596,0,0,1,0,0,0
2603,0,0,1,0,0,0
2604,0,0,1,0,0,0
2605,0,0,1,0,0,0
2608,0,0,1,0,0,0
2609,0,0,1,0,0,0
2610,0,0,1,0,0,0
2611,0,0,1,0,0,0
2613,0,0,1,0,0,0
2615,0,0,1,0,0,0
2616,0,0,1,0,0,0
2617,0,0,1,0,0,0
2618,0,0,1,0,0,0
2621,0,0,1,0,0,0
2622,0,0,1,0,0,0
2623,0,0,1,0,0,0
2624,0,0,1,0,0,0
2625,0,0,1,0,0,0
2626,0,0,1,0,0,0
2627,0,0,1,0,0,0
2628,0,0,1,0,0,0
2629,1,0,1,0,0,0
2630,0,0,1,0,0,0
2631,0,0,1,0,0,0
2632,0,0,1,0,0,0
2633,0,0,1,0,0,0
2634,0,0,1,0,0,0
2635,1,0,1,0,0,0
2636,0,0,1,0,0,0
2648,0,0,1,0,0,0
2649,0,0,1,0,0,0
2650,0,0,1,0,0,0
2651,0,0,1,0,0,0
2652,0,0,1,0,0,0
2653,0,0,1,0,0,0
2654,0,0,1,0,0,0
2655,0,0,1,0,0,0
2656,0,0,1,0,0,0
2657,1,0,1,0,0,0
2658,0,0,1,0,0,0
2659,0,0,1,0,0,0
2661,0,0,1,0,0,0
2665,0,0,1,0,0,0
2669,0,0,1,0,0,0
2670,0,0,1,0,0,0
2671,0,0,1,0,0,0
2672,0,0,1,0,0,0
2673,0,0,1,0,0,0
2674,0,0,1,0,0,0
2675,0,0,1,0,0,0
2676,0,0,1,0,0,0
2682,0,0,1,0,0,0
2683,0,0,1,0,0,0
2684,0,0,1,0,0,0
2686,0,0,1,0,0,0
2687,0,0,1,0,0,0
2688,0,0,1,0,0,0
2689,0,0,1,0,0,0
2690,0,0,1,0,0,0
2691,0,0,1,0,0,0
2692,0,0,1,0,0,0
2693,0,0,1,0,0,0
2694,0,0,1,0,0,0
2696,0,0,1,0,0,0
2697,0,0,1,0,0,0
2698,0,0,1,0,0,0
2699,0,0,1,0,0,0
2700,0,0,1,0,0,0
2701,0,0,1,0,0,0
2702,0,0,1,0,0,0
2703,0,0,1,0,0,0
2704,0,0,1,0,0,0
2705,1,0,1,0,0,0
2706,0,0,1,0,0,0
2707,0,0,1,0,0,0
2708,0,0,1,0,0,0
2709,0,0,1,0,0,0
2710,0,0,1,0,0,0
2716,0,0,1,0,0,0
2717,0,0,1,0,0,0
2718,0,0,1,0,0,0
2719,0,0,1,0,0,0
2722,0,0,1,0,0,0
2724,0,0,1,0,0,0
2726,0,0,1,0,0,0
2727,0,0,1,0,0,0
2728,0,0,1,0,0,0
2729,0,0,1,0,0,0
2734,0,0,1,0,0,0
2736,0,0,1,0,0,0
2738,0,0,1,0,0,0
2739,0,0,1,0,0,0
2740,0,0,1,0,0,0
2743,0,0,1,0,0,0
2746,0,0,1,0,0,0
2748,0,0,1,0,0,0
2757,0,0,1,0,0,0
2758,0,0,1,0,0,0
2759,0,0,1,0,0,0
2760,0,0,1,0,0,0
2761,0,0,1,0,0,0
2763,0,0,1,0,0,0
2764,0,0,1,0,0,0
2765,0,0,1,0,0,0
2766,0,0,1,0,0,0
2767,0,0,1,0,0,0
2768,0,0,1,0,0,0
2769,0,0,1,0,0,0
2770,0,0,1,0,0,0
2792,0,0,0,0,0,1
2820,0,0,0,0,0,1
2843,0,0,1,0,0,0
2844,0,0,1,0,0,0
2845,0,0,1,0,0,0
2846,0,0,1,0,0,0
2847,0,0,1,0,0,0
2848,0,0,1,0,0,0
2849,0,0,1,0,0,0
2850,0,0,1,0,0,0
2851,0,0,1,0,0,0
2852,0,0,1,0,0,0
2853,0,0,1,0,0,0
2855,0,0,1,0,0,0
2856,0,0,1,0,0,0
2857,0,0,1,0,0,0
2858,0,0,1,0,0,0
2859,0,0,1,0,0,0
2860,0,0,1,0,0,0
2861,0,0,1,0,0,0
2862,0,0,1,0,0,0
2863,0,0,1,0,0,0
2864,0,0,1,0,0,0
2865,0,0,1,0,0,0
2866,0,0,1,0,0,0
2867,0,0,1,0,0,0
2868,0,0,1,0,0,0
2869,0,0,1,0,0,0
2870,0,0,1,0,0,0
2871,0,0,1,0,0,0
2872,0,0,1,0,0,0
2873,0,0,1,0,0,0
2874,0,0,1,0,0,0
2875,0,0,1,0,0,0
2876,0,0,1,0,0,0
2877,0,0,1,0,0,0
2878,0,0,1,0,0,0
2879,0,0,1,0,0,0
2880,0,0,1,0,0,0
2881,0,0,1,0,0,0
2882,0,0,1,0,0,0
2883,0,0,1,0,0,0
2884,0,0,1,0,0,0
2885,0,0,1,0,0,0
2886,0,0,1,0,0,0
2887,0,0,1,0,0,0
2889,0,0,1,0,0,0
2890,0,0,1,0,0,0
2891,0,0,1,0,0,0
2892,0,0,1,0,0,0
2893,0,0,1,0,0,0
2894,0,0,1,0,0,0
2895,0,0,1,0,0,0
2896,0,0,1,0,0,0
2897,0,0,1,0,0,0
2898,0,0,1,0,0,0
2899,0,0,1,0,0,0
2900,0,0,1,0,0,0
2901,0,0,1,0,0,0
2902,0,0,1,0,0,0
2903,0,0,1,0,0,0
2904,0,0,1,0,0,0
2906,0,0,1,0,0,0
2907,0,0,1,0,0,0
2908,0,0,1,0,0,0
2909,0,0,1,0,0,0
2911,0,0,1,0,0,0
2912,0,0,1,0,0,0
2913,0,0,1,0,0,0
2914,0,0,1,0,0,0
2915,0,0,1,0,0,0
2916,0,0,1,0,0,0
2917,0,0,1,0,0,0
2918,0,0,1,0,0,0
2919,0,0,1,0,0,0
2920,0,0,1,0,0,0
2921,0,0,1,0,0,0
2922,0,0,1,0,0,0
2923,0,0,1,0,0,0
2924,0,0,1,0,0,0
2925,0,0,1,0,0,0
2926,0,0,1,0,0,0
2927,0,0,1,0,0,0
2928,0,0,1,0,0,0
2929,0,0,1,0,0,0
2930,0,0,1,0,0,0
2931,0,0,1,0,0,0
2932,0,0,1,0,0,0
2933,0,0,1,0,0,0
2934,0,0,1,0,0,0
2935,0,0,1,0,0,0
2936,0,0,1,0,0,0
2937,0,0,1,0,0,0
2938,0,0,1,0,0,0
2939,0,0,1,0,0,0
2940,0,0,1,0,0,0
2941,0,0,1,0,0,0
2942,0,0,1,0,0,0
2943,0,0,1,0,0,0
2944,0,0,1,0,0,0
2945,0,0,1,0,0,0
2981,0,0,1,0,0,0
2982,0,0,1,0,0,0
2983,0,0,1,0,0,0
2984,0,0,1,0,0,0
2985,0,0,1,0,0,0
2986,0,0,1,0,0,0
2987,0,0,1,0,0,0
2988,0,0,1,0,0,0
2989,0,0,1,0,0,0
2990,0,0,1,0,0,0
2991,0,0,1,0,0,0
2992,0,0,1,0,0,0
2993,0,0,1,0,0,0
2994,0,0,1,0,0,0
2995,0,0,1,0,0,0
2996,0,0,1,0,0,0
2997,0,0,1,0,0,0
2999,0,0,1,0,0,0
3000,1,0,1,0,0,0
3001,0,0,1,0,0,0
3002,0,0,1,0,0,0
3003,0,0,1,0,0,0
3035,1,0,1,0,0,0
3037,1,0,1,0,0,0
3038,1,0,1,0,0,0
3042,1,0,1,0,0,0
3043,1,0,1,0,0,0
3044,1,0,1,0,0,0
3045,1,0,1,0,0,0
3046,1,0,1,0,0,0
3049,1,0,1,0,0,0
3050,1,0,1,0,0,0
3052,1,0,1,0,0,0
3053,1,0,1,0,0,0
3054,1,0,1,0,0,0
3055,1,0,1,0,0,0
3056,1,0,1,0,0,0
3057,1,0,1,0,0,0
3058,0,0,1,0,0,0
3059,0,0,1,0,0,0
3060,0,0,1,0,0,0
3062,0,0,1,0,0,0
3063,0,0,1,0,0,0
3064,0,0,1,0,0,0
3065,0,0,1,0,0,0
3066,0,0,1,0,0,0
3067,0,0,1,0,0,0
3068,0,0,1,0,0,0
3069,0,0,1,0,0,0
3070,0,0,1,0,0,0
3071,0,0,1,0,0,0
3072,0,0,1,0,0,0
3073,0,0,1,0,0,0
3074,0,0,1,0,0,0
3075,0,0,1,0,0,0
3076,0,0,1,0,0,0
3077,0,0,1,0,0,0
3078,0,0,1,0,0,0
3079,0,0,1,0,0,0
3080,0,0,1,0,0,0
3081,0,0,1,0,0,0
3082,0,0,1,0,0,0
3083,0,0,1,0,0,0
3084,0,0,1,0,0,0
3085,0,0,1,0,0,0
3086,0,0,1,0,0,0
3087,0,0,1,0,0,0
3088,0,0,1,0,0,0
3089,0,0,1,0,0,0
3091,0,0,1,0,0,0
3092,0,0,1,0,0,0
3093,0,0,1,0,0,0
3094,0,0,1,0,0,0
3095,0,0,1,0,0,0
3096,0,0,1,0,0,0
3101,0,0,1,0,0,0
3102,0,0,1,0,0,0
3103,0,0,1,0,0,0
3105,0,0,1,0,0,0
3108,0,0,1,0,0,0
3109,0,0,1,0,0,0
3110,0,0,1,0,0,0
3111,0,0,1,0,0,0
3112,0,0,1,0,0,0
3113,0,0,1,0,0,0
3116,1,0,1,0,0,0
3117,1,0,1,0,0,0
3118,0,0,1,0,0,0
3131,1,0,1,0,0,0
3139,0,0,1,0,0,0
3140,0,0,1,0,0,0
3141,0,0,1,0,0,0
3142,0,0,1,0,0,0
3143,0,0,1,0,0,0
3144,0,0,1,0,0,0
3153,0,0,1,0,0,0
3154,0,0,1,0,0,0
3160,0,0,1,0,0,0
3170,0,0,1,0,0,0
3183,0,0,1,0,0,0
3202,0,0,1,0,0,0
3205,0,0,1,0,0,0
3209,0,0,0,0,0,1
3210,0,0,0,0,0,1
3211,0,0,1,0,0,0
3213,0,0,1,0,0,0
3214,0,0,1,0,0,0
3216,0,0,1,0,0,0
3219,0,0,0,0,0,1
3222,0,0,0,0,0,1
3230,0,0,0,0,0,1
3240,0,0,1,0,0,0
3241,0,0,1,0,0,0
3242,0,0,1,0,0,0
3243,0,0,1,0,0,0
3244,0,0,1,0,0,0
3245,0,0,1,0,0,0
3246,0,0,1,0,0,0
3247,0,0,1,0,0,0
3248,0,0,1,0,0,0
3249,0,0,1,0,0,0
3250,0,0,1,0,0,0
3251,0,0,1,0,0,0
3252,0,0,1,0,0,0
3253,0,0,1,0,0,0
3341,0,0,1,0,0,0
3380,0,0,1,0,0,0
3381,0,0,1,0,0,0
3382,0,0,1,0,0,0
3383,0,0,1,0,0,0
3384,0,0,1,0,0,0
3385,0,0,1,0,0,0
3386,0,0,1,0,0,0
3387,0,0,1,0,0,0
3389,0,0,1,0,0,0
3390,0,0,1,0,0,0
3391,0,0,1,0,0,0
3392,0,0,1,0,0,0
3393,0,0,1,0,0,0
3394,0,0,1,0,0,0
3395,0,0,1,0,0,0
3396,0,0,1,0,0,0
3397,0,0,1,0,0,0
3398,0,0,1,0,0,0
3399,0,0,1,0,0,0
3400,0,0,1,0,0,0
3401,0,0,1,0,0,0
3402,0,0,1,0,0,0
3404,0,0,1,0,0,0
3405,0,0,1,0,0,0
3406,0,0,1,0,0,0
3407,0,0,1,0,0,0
3408,0,0,1,0,0,0
3409,0,0,1,0,0,0
3410,0,0,1,0,0,0
3411,0,0,1,0,0,0
3412,0,0,1,0,0,0
3413,0,0,1,0,0,0
3414,0,0,1,0,0,0
3415,0,0,1,0,0,0
3416,0,0,1,0,0,0
3417,0,0,1,0,0,0
3418,0,0,1,0,0,0
3419,0,0,1,0,0,0
3420,0,0,1,0,0,0
3421,0,0,1,0,0,0
3423,0,0,1,0,0,0
3424,0,0,1,0,0,0
3425,0,0,1,0,0,0
3426,0,0,1,0,0,0
3427,0,0,1,0,0,0
3428,0,0,1,0,0,0
3429,0,0,1,0,0,0
3430,0,0,1,0,0,0
3431,0,0,1,0,0,0
3432,0,0,1,0,0,0
3433,0,0,1,0,0,0
3435,0,0,1,0,0,0
3436,0,0,1,0,0,0
3437,0,0,1,0,0,0
3438,0,0,1,0,0,0
3439,0,0,1,0,0,0
3440,0,0,1,0,0,0
3441,0,0,1,0,0,0
3442,0,0,1,0,0,0
3443,0,0,1,0,0,0
3444,0,0,1,0,0,0
3445,0,0,1,0,0,0
3446,0,0,1,0,0,0
3447,0,0,1,0,0,0
3448,0,0,1,0,0,0
3449,0,0,1,0,0,0
3450,0,0,1,0,0,0
3451,0,0,1,0,0,0
3452,0,0,1,0,0,0
3453,0,0,1,0,0,0
3454,0,0,1,0,0,0
3455,0,0,1,0,0,0
3456,0,0,1,0,0,0
3457,0,0,1,0,0,0
3458,0,0,1,0,0,0
3459,0,0,1,0,0,0
3460,0,0,1,0,0,0
3461,0,0,1,0,0,0
3462,0,0,1,0,0,0
3463,0,0,1,0,0,0
3464,0,0,1,0,0,0
3465,0,0,1,0,0,0
3466,0,0,1,0,0,0
3467,0,0,1,0,0,0
3468,0,0,1,0,0,0
3469,0,0,1,0,0,0
3470,0,0,1,0,0,0
3473,0,0,1,0,0,0
3477,0,0,1,0,0,0
3478,0,0,1,0,0,0
3479,1,0,1,0,0,0
3488,0,0,1,0,0,0
3489,0,0,1,0,0,0
3490,0,0,1,0,0,0
3491,0,0,1,0,0,0
3594,0,0,1,0,0,0
3595,0,0,1,0,0,0
3596,0,0,1,0,0,0
3597,0,0,1,0,0,0
3598,0,0,1,0,0,0
3599,0,0,1,0,0,0
3600,0,0,1,0,0,0
3601,0,0,1,0,0,0
3602,0,0,1,0,0,0
3603,0,0,1,0,0,0
3605,1,0,1,0,0,0
3606,0,0,1,0,0,0
3608,1,0,1,0,0,0
3609,0,0,1,0,0,0
3615,0,0,1,0,0,0
3618,0,0,1,0,0,0
3619,0,0,1,0,0,0
3620,0,0,1,0,0,0
3621,0,0,1,0,0,0
3622,0,0,1,0,0,0
3623,0,0,1,0,0,0
3624,0,0,1,0,0,0
3625,0,0,1,0,0,0
3629,0,0,1,0,0,0
3630,0,0,1,0,0,0
3631,0,0,1,0,0,0
3632,0,0,1,0,0,0
3633,0,0,1,0,0,0
3638,0,0,1,0,0,0
3639,0,0,1,0,0,0
3641,0,0,1,0,0,0
3642,0,0,1,0,0,0
3643,0,0,1,0,0,0
3644,0,0,1,0,0,0
3645,0,0,1,0,0,0
3678,0,0,1,0,0,0
3681,0,0,1,0,0,0
3698,0,0,1,0,0,0
3706,0,0,1,0,0,0
3707,0,0,1,0,0,0
3708,0,0,1,0,0,0
3709,0,0,1,0,0,0
3710,0,0,1,0,0,0
3711,0,0,1,0,0,0
3712,0,0,1,0,0,0
3714,0,0,1,0,0,0
3715,0,0,1,0,0,0
3716,0,0,1,0,0,0
3717,0,0,1,0,0,0
3718,0,0,1,0,0,0
3719,0,0,1,0,0,0
3720,0,0,1,0,0,0
3721,0,0,1,0,0,0
3723,0,0,1,0,0,0
3776,0,0,1,0,0,0
3805,0,0,1,0,0,0
3820,0,0,1,0,0,0
3821,0,0,1,0,0,0
3822,0,0,1,0,0,0
3823,0,0,1,0,0,0
3824,0,0,1,0,0,0
3825,0,0,1,0,0,0
3827,0,0,1,0,0,0
3829,0,0,1,0,0,0
3838,0,0,1,0,0,0
3839,0,0,1,0,0,0
3840,0,0,1,0,0,0
3841,0,0,1,0,0,0
3842,0,0,1,0,0,0
3843,0,0,1,0,0,0
3844,0,0,1,0,0,0
3845,0,0,1,0,0,0
3846,1,0,1,0,0,0
3863,0,0,1,0,0,0
3864,0,0,1,0,0,0
3885,0,0,1,0,0,0
3986,1,0,1,0,0,0
3988,0,0,1,0,0,0
3989,0,0,1,0,0,0
3990,0,0,1,0,0,0
3996,0,0,1,0,0,0
4000,0,0,1,0,0,0
4092,0,0,1,0,0,0
4105,0,0,1,0,0,0
4136,0,0,1,0,0,0
4137,0,0,1,0,0,0
4141,1,0,1,0,0,0
4142,0,0,1,0,0,0
4145,0,0,1,0,0,0
4153,0,0,1,0,0,0
4161,0,0,1,0,0,0
4162,0,0,1,0,0,0
4167,0,0,1,0,0,0
4168,0,0,1,0,0,0
4173,0,0,1,0,0,0
4218,0,0,1,0,0,0
4236,0,0,1,0,0,0
4240,0,0,1,0,0,0
4242,0,0,1,0,0,0
4250,0,0,1,0,0,0
4268,0,0,1,0,0,0
4275,0,0,1,0,0,0
4277,0,0,1,0,0,0
4278,0,0,1,0,0,0
4279,1,0,1,0,0,0
4280,0,0,1,0,0,0
4281,0,0,1,0,0,0
4282,0,0,1,0,0,0
4283,0,0,1,0,0,0
4303,0,0,1,0,0,0
4304,0,0,1,0,0,0
4311,0,0,1,0,0,0
4312,0,0,1,0,0,0
4313,0,0,1,0,0,0
4315,1,0,1,0,0,0
4316,0,0,1,0,0,0
4319,0,0,1,0,0,0
4320,0,0,1,0,0,0
4323,0,0,1,0,0,0
4324,0,0,1,0,0,0
4326,0,0,1,0,0,0
4328,0,0,1,0,0,0
4331,0,0,1,0,0,0
4332,0,0,1,0,0,0
4333,0,0,1,0,0,0
4334,0,0,1,0,0,0
4339,0,0,1,0,0,0
4340,0,0,1,0,0,0
4341,0,0,1,0,0,0
4342,0,0,1,0,0,0
4343,0,0,1,0,0,0
4344,0,0,1,0,0,0
4345,0,0,1,0,0,0
4346,0,0,1,0,0,0
4347,0,0,1,0,0,0
4348,0,0,1,0,0,0
4352,0,0,1,0,0,0
4353,0,0,1,0,0,0
4354,0,0,1,0,0,0
4355,1,0,1,0,0,0
4360,0,0,1,0,0,0
4363,0,0,1,0,0,0
4366,0,0,1,0,0,0
4367,1,0,1,0,0,0
4368,0,0,1,0,0,0
4369,0,0,1,0,0,0
4370,0,0,1,0,0,0
4374,1,0,1,0,0,0
4375,0,0,1,0,0,0
4376,0,0,1,0,0,0
4377,0,0,1,0,0,0
4378,0,0,1,0,0,0
4379,0,0,1,0,0,0
4380,0,0,1,0,0,0
4382,0,0,1,0,0,0
4571,0,0,1,0,0,0
4574,0,0,1,0,0,0
4575,0,0,1,0,0,0
4577,0,0,1,0,0,0
4579,0,0,1,0,0,0
4580,0,0,1,0,0,0
4581,0,0,1,0,0,0
4584,0,0,1,0,0,0
4585,0,0,1,0,0,0
4589,0,0,0,0,0,1
4598,0,0,0,0,0,1
4790,0,0,0,0,0,1
4791,0,0,0,0,0,1
4792,0,0,0,0,0,1
4795,0,0,0,0,0,1
4796,0,0,0,0,0,1
4797,0,0,0,0,0,1
4798,0,0,0,0,0,1
4799,0,0,0,0,0,1
4800,0,0,0,0,0,1
4801,0,0,0,0,0,1
4811,0,0,1,0,0,0
4812,0,0,1,0,0,0
4813,0,0,1,0,0,0
4814,0,0,1,0,0,0
4825,0,0,1,0,0,0
4826,0,0,1,0,0,0
4829,0,0,1,0,0,0
4832,1,0,1,0,0,0
4833,0,0,1,0,0,0
4845,1,0,1,0,0,0
4860,0,0,1,0,0,0
4861,0,0,1,0,0,0
6828,0,0,1,0,0,0
6837,0,0,1,0,0,0
6838,1,0,1,0,0,0
6839,0,0,1,0,0,0
6850,0,0,1,0,0,0
6853,0,0,1,0,0,0
6855,0,0,1,0,0,0
6856,0,0,1,0,0,0
6857,0,0,1,0,0,0
6864,0,0,1,0,0,0
14368,0,0,1,0,0,0
14369,0,0,1,0,0,0
14370,0,0,1,0,0,0
14371,0,0,1,0,0,0
14374,0,0,1,0,0,0
14375,0,0,1,0,0,0
14376,0,0,1,0,0,0
14403,1,0,1,0,0,0
14405,0,0,1,0,0,0
14406,0,0,1,0,0,0
14407,0,0,1,0,0,0
14408,0,0,1,0,0,0
14409,0,0,1,0,0,0
14410,0,0,1,0,0,0
14416,0,0,1,0,0,0
14418,0,0,1,0,0,0
14419,0,0,1,0,0,0
14420,0,0,1,0,0,0
14422,0,0,0,0,0,1
14453,0,0,1,0,0,0
14454,0,0,1,0,0,0
14455,0,0,1,0,0,0
14456,0,0,1,0,0,0
14457,0,0,1,0,0,0
14475,0,0,1,0,0,0
14476,0,0,1,0,0,0
14477,0,0,1,0,0,0
14478,0,0,1,0,0,0
14479,0,0,1,0,0,0
14480,0,0,1,0,0,0
14481,1,0,1,0,0,0
14484,0,0,1,0,0,0
14498,1,0,1,0,0,0
14499,0,0,1,0,0,0
14502,1,0,1,0,0,0
14503,0,0,1,0,0,0
14506,0,0,1,0,0,0
14509,0,0,1,0,0,0
14510,0,0,1,0,0,0
14511,0,0,1,0,0,0
14512,0,0,1,0,0,0
14519,0,0,1,0,0,0
14525,0,0,1,0,0,0
14527,0,0,1,0,0,0
14528,0,0,1,0,0,0
14530,0,0,1,0,0,0
14531,0,0,1,0,0,0
15367,0,0,1,0,0,0
15368,0,0,1,0,0,0
15369,0,0,1,0,0,0
15370,0,0,1,0,0,0
15371,0,0,1,0,0,0
15372,0,0,1,0,0,0
15373,0,0,1,0,0,0
15374,0,0,1,0,0,0
15381,0,0,1,0,0,0
15386,0,0,1,0,0,0
15393,0,0,1,0,0,0
15395,0,0,1,0,0,0
15396,0,0,1,0,0,0
15402,0,0,1,0,0,0
15403,0,0,1,0,0,0
15404,0,0,1,0,0,0
15407,0,0,1,0,0,0
15408,0,0,1,0,0,0
15409,0,0,1,0,0,0
15410,0,0,1,0,0,0
15411,0,0,1,0,0,0
15413,0,0,1,0,0,0
15414,0,0,0,0,0,1
15415,0,0,0,0,0,1
15416,0,0,1,0,0,0
15418,0,0,1,0,0,0
15419,0,0,1,0,0,0
15420,0,0,1,0,0,0
15421,0,0,1,0,0,0
15423,1,0,1,0,0,0
15515,0,0,0,0,0,1
15517,0,0,1,0,0,0
15518,0,0,1,0,0,0
15521,1,0,1,0,0,0
15522,1,0,1,0,0,0
15523,1,0,1,0,0,0
15525,0,0,1,0,0,0
15526,1,0,1,0,0,0
15527,1,0,1,0,0,0
15528,0,0,1,0,0,0
15529,0,0,1,0,0,0
15530,0,0,1,0,0,0
15531,0,0,1,0,0,0
15532,1,0,1,0,0,0
15533,0,0,1,0,0,0
15534,0,0,1,0,0,0
15535,0,0,1,0,0,0
15536,0,0,1,0,0,0
15537,0,0,1,0,0,0
15539,0,0,1,0,0,0
15540,0,0,1,0,0,0
15543,1,0,1,0,0,0
15545,0,0,1,0,0,0
15546,0,0,1,0,0,0
15547,0,0,1,0,0,0
15548,0,0,1,0,0,0
15556,0,0,1,0,0,0
15557,0,0,1,0,0,0
15558,0,0,1,0,0,0
15559,0,0,1,0,0,0
15560,0,0,1,0,0,0
15563,0,0,1,0,0,0
15564,0,0,1,0,0,0
15567,0,0,1,0,0,0
15568,0,0,0,0,0,1
15569,0,0,0,0,0,1
15570,0,0,0,0,0,1
15571,0,0,0,0,0,1
15572,0,0,0,0,0,1
15573,0,0,1,0,0,0
15574,0,0,1,0,0,0
15576,0,0,1,0,0,0
15577,0,0,1,0,0,0
15578,0,0,1,0,0,0
15579,0,0,1,0,0,0
15585,0,0,1,0,0,0
15586,0,0,1,0,0,0
15587,0,0,1,0,0,0
15588,0,0,1,0,0,0
15589,0,0,1,0,0,0
15591,0,0,1,0,0,0
15692,0,0,1,0,0,0
15693,1,0,1,0,0,0
15759,0,0,1,0,0,0
15763,0,0,1,0,0,0
15764,0,0,1,0,0,0
15765,0,0,1,0,0,0
15767,0,0,1,0,0,0
15769,1,0,1,0,0,0
15777,0,0,1,0,0,0
15779,0,0,1,0,0,0
15780,0,0,1,0,0,0
15781,0,0,1,0,0,0
15782,0,0,1,0,0,0
15783,0,0,1,0,0,0
15784,0,0,1,0,0,0
15785,0,0,1,0,0,0
15786,0,0,1,0,0,0
15787,0,0,1,0,0,0
15788,0,0,1,0,0,0
15789,0,0,1,0,0,0
15790,0,0,1,0,0,0
15791,0,0,1,0,0,0
15792,0,0,0,0,0,1
15793,0,0,0,0,0,1
15794,0,0,0,0,0,1
15797,0,0,1,0,0,0
15798,0,0,1,0,0,0
15799,0,0,0,0,0,1
15802,0,0,1,0,0,0
