timestamp_utc,connectors,changes,heartbeats,new_connectors,duration_s,error
2026-10-06T14:04:09Z,6331,0,0,6331,1.38,
2026-10-06T14:05:10Z,6331,7,0,0,1.42,
2026-10-06T18:06:30Z,6331,1024,5307,0,2.92,
2026-10-06T18:08:26Z,6331,42,0,0,2.67,
2026-10-06T18:11:05Z,6331,3,0,0,3.61,
2026-10-06T18:12:28Z,6331,3,0,0,3.91,
2026-10-06T18:14:25Z,6331,3,0,0,9.19,
2026-10-06T18:16:28Z,6331,39,0,0,2.99,
2026-10-06T18:18:29Z,6331,0,0,0,2.92,
2026-10-06T18:20:52Z,6331,6,0,0,3.01,
2026-10-06T18:22:28Z,6331,1,0,0,3.66,
2026-10-06T18:24:27Z,6331,37,0,0,3.71,
2026-10-06T18:26:27Z,6331,6,0,0,3.55,
2026-10-06T18:28:27Z,6331,0,0,0,8.82,
2026-10-06T18:31:43Z,6331,39,0,0,3.96,
