timestamp_utc,connector_id,status
2026-10-08T00:01:21Z,ELD-E-26W0-B,Užimta
2026-10-08T00:01:21Z,ELD-E-R6Z1-B,Laisva
2026-10-08T00:01:21Z,ELD-E-T448-A,Laisva
2026-10-08T00:01:21Z,ELD-P-7DHU-A,Laisva
2026-10-08T00:01:21Z,ELD-P-ALLO-A,Laisva
2026-10-08T00:01:21Z,ELD-P-ALLO-B,Laisva
2026-10-08T00:01:21Z,ELD-P-UACW-A,Laisva
2026-10-08T00:01:21Z,IBG-E-L3TW-A,Laisva
2026-10-08T00:01:21Z,IBG-E-VE43-A,Laisva
2026-10-08T00:01:21Z,IGN-E-4VEC-C,Laisva
2026-10-08T00:01:21Z,IGN-E-EJ8D-A,Laisva
2026-10-08T00:01:21Z,IGN-E-EJ8D-B,Laisva
2026-10-08T00:01:21Z,IKR-E-E526-A,Neveikia
2026-10-08T00:01:21Z,IKR-E-E983-A,Neveikia
2026-10-08T00:01:21Z,ION-E-P72D-C,Laisva
2026-10-08T00:01:21Z,LLT-P-A9VC-F,Laisva
2026-10-08T00:01:21Z,UNP-E-e6df-A,Laisva
2026-10-08T00:02:28Z,008-E-003A-A,Laisva
2026-10-08T00:02:28Z,008-E-003D-B,Laisva
2026-10-08T00:02:28Z,008-E-003G-A,Laisva
2026-10-08T00:02:28Z,008-E-005A-B,Užimta
2026-10-08T00:02:28Z,008-E-7IKJ-A,Laisva
2026-10-08T00:02:28Z,E85-E-0389-B,Laisva
2026-10-08T00:02:28Z,E85-E-0447-B,Laisva
2026-10-08T00:02:28Z,E85-E-0461-B,Laisva
2026-10-08T00:02:28Z,E85-E-0464-B,Laisva
2026-10-08T00:02:28Z,E85-E-0478-A,Laisva
2026-10-08T00:02:28Z,E85-E-0493-D,Laisva
2026-10-08T00:02:28Z,E85-E-1028-A,Laisva
2026-10-08T00:02:28Z,E85-E-1081-A,Laisva
2026-10-08T00:02:28Z,E85-E-1092-A,Laisva
2026-10-08T00:02:28Z,E85-E-1110-A,Laisva
2026-10-08T00:02:28Z,E85-E-1110-B,Laisva
2026-10-08T00:02:28Z,E85-E-DRIA-A,Laisva
2026-10-08T00:02:28Z,E85-E-DRIA-B,Laisva
2026-10-08T00:02:28Z,E85-E-IBMU-B,Laisva
2026-10-08T00:02:28Z,E85-E-Q58F-D,Laisva
2026-10-08T00:02:28Z,E85-P-06XY-B,Laisva
2026-10-08T00:02:28Z,E85-P-39TY-B,Laisva
2026-10-08T00:02:28Z,E85-P-5QU8-A,Laisva
2026-10-08T00:02:28Z,E85-P-63NY-B,Laisva
2026-10-08T00:02:28Z,E85-P-7SM9-A,Laisva
2026-10-08T00:02:28Z,E85-P-83GZ-B,Laisva
2026-10-08T00:02:28Z,E85-P-83HA-B,Laisva
2026-10-08T00:02:28Z,E85-P-9PZX-B,Laisva
2026-10-08T00:02:28Z,E85-P-AL57-A,Laisva
2026-10-08T00:02:28Z,E85-P-BG9Q-C,Laisva
2026-10-08T00:02:28Z,E85-P-BG9Q-D,Laisva
2026-10-08T00:02:28Z,E85-P-C219-B#65380,Užimta
2026-10-08T00:02:28Z,E85-P-GC5M-A,Laisva
2026-10-08T00:02:28Z,E85-P-I5A8-B,Laisva
2026-10-08T00:02:28Z,E85-P-IVFB-A,Užimta
2026-10-08T00:02:28Z,E85-P-IZ0T-A,Laisva
2026-10-08T00:02:28Z,E85-P-IZ0T-B,Laisva
2026-10-08T00:02:28Z,E85-P-JJUC-B,Laisva
2026-10-08T00:02:28Z,E85-P-K83Y-B,Laisva
2026-10-08T00:02:28Z,E85-P-N736-B#70503,Užimta
2026-10-08T00:02:28Z,E85-P-P7QH-B,Laisva
2026-10-08T00:02:28Z,E85-P-RRQ4-B#67849,Laisva
2026-10-08T00:02:28Z,E85-P-W6D9-B,Laisva
2026-10-08T00:02:28Z,E85-P-WV2Q-A,Laisva
2026-10-08T00:02:28Z,E85-P-WV2Q-B,Laisva
2026-10-08T00:02:28Z,E85-P-YSJ5-B,Laisva
2026-10-08T00:02:28Z,E85-P-YZS0-B,Laisva
2026-10-08T00:02:28Z,E85-P-ZSY0-A,Laisva
2026-10-08T00:02:28Z,ELD-E-310-B,Laisva
2026-10-08T00:02:28Z,ELD-E-385-B,Laisva
2026-10-08T00:02:28Z,ELD-E-4YK9-A,Laisva
2026-10-08T00:02:28Z,ELD-E-H1XI-A,Laisva
2026-10-08T00:02:28Z,ELD-E-LT57-A,Laisva
2026-10-08T00:02:28Z,ELD-E-LT57-B,Laisva
2026-10-08T00:02:28Z,ELD-E-T296-B,Laisva
2026-10-08T00:02:28Z,ELD-E-T450-A,Užimta
2026-10-08T00:02:28Z,ELD-E-T467-A,Užimta
2026-10-08T00:02:28Z,ELD-E-T510-A,Laisva
2026-10-08T00:02:28Z,ELD-E-T525-A,Laisva
2026-10-08T00:02:28Z,ELD-E-T528-A,Laisva
2026-10-08T00:02:28Z,ELD-E-T541-B,Laisva
2026-10-08T00:02:28Z,ELD-E-UYVC-A,Laisva
2026-10-08T00:02:28Z,ELD-E-UYVC-B,Laisva
2026-10-08T00:02:28Z,ELD-E-X0T6-B,Užimta
2026-10-08T00:02:28Z,ELD-P-3FAZ-C,Laisva
2026-10-08T00:02:28Z,ELD-P-916M-A,Laisva
2026-10-08T00:02:28Z,ELD-P-IEDD-A,Laisva
2026-10-08T00:02:28Z,ELD-P-K0MH-B,Laisva
2026-10-08T00:02:28Z,ELD-P-LY1S-A,Laisva
2026-10-08T00:02:28Z,ELD-P-OZE1-A,Laisva
2026-10-08T00:02:28Z,ELD-P-UAKI-B,Laisva
2026-10-08T00:02:28Z,ELD-P-XWZB-B,Laisva
2026-10-08T00:02:28Z,ETR-E-0QJ4-A,Laisva
2026-10-08T00:02:28Z,ETR-E-1300-A,Laisva
2026-10-08T00:02:28Z,ETR-E-1500-A,Laisva
2026-10-08T00:02:28Z,ETR-E-2310-A,Užimta
2026-10-08T00:02:28Z,ETR-E-EM92-A,Laisva
2026-10-08T00:02:28Z,ETR-E-GLWB-A,Laisva
2026-10-08T00:02:28Z,ETR-E-GMG5-A,Laisva
2026-10-08T00:02:28Z,ETR-E-JO5S-A,Laisva
2026-10-08T00:02:28Z,ETR-E-JZR7-A,Laisva
2026-10-08T00:02:28Z,ETR-E-KZNG-A,Užimta
2026-10-08T00:02:28Z,ETR-E-QUNX-A,Laisva
2026-10-08T00:02:28Z,ETR-E-WQUF-A,Laisva
2026-10-08T00:02:28Z,ETR-E-X72H-A,Laisva
2026-10-08T00:02:28Z,ETR-E-XEJT-A,Laisva
2026-10-08T00:02:28Z,EVI-P-N4U7-A,Laisva
2026-10-08T00:02:28Z,EVI-P-P6QP-B,Laisva
2026-10-08T00:02:28Z,IBG-E-0067-A,Užimta
2026-10-08T00:02:28Z,IBG-E-0096-B,Laisva
2026-10-08T00:02:28Z,IBG-E-0097-A,Laisva
2026-10-08T00:02:28Z,IBG-E-0250-A,Užimta
2026-10-08T00:02:28Z,IBG-E-0YU5-A,Užimta
2026-10-08T00:02:28Z,IBG-E-2MP0-A,Užimta
2026-10-08T00:02:28Z,IBG-E-4D4P-A,Užimta
2026-10-08T00:02:28Z,IBG-E-4H5T-A,Užimta
2026-10-08T00:02:28Z,IBG-E-4Y4D-F,Laisva
2026-10-08T00:02:28Z,IBG-E-5NYD-B,Užimta
2026-10-08T00:02:28Z,IBG-E-5T35-A,Užimta
2026-10-08T00:02:28Z,IBG-E-602B-A,Užimta
2026-10-08T00:02:28Z,IBG-E-6OWS-D,Laisva
2026-10-08T00:02:28Z,IBG-E-6W5U-B,Užimta
2026-10-08T00:02:28Z,IBG-E-8Y3Q-A,Užimta
2026-10-08T00:02:28Z,IBG-E-9YNO-D,Laisva
2026-10-08T00:02:28Z,IBG-E-A1N0-A,Užimta
2026-10-08T00:02:28Z,IBG-E-B51T-B,Laisva
2026-10-08T00:02:28Z,IBG-E-F5MO-B,Laisva
2026-10-08T00:02:28Z,IBG-E-GLAK-A,Užimta
2026-10-08T00:02:28Z,IBG-E-H8R1-A,Užimta
2026-10-08T00:02:28Z,IBG-E-I2AA-A,Užimta
2026-10-08T00:02:28Z,IBG-E-IBGZ-A,Užimta
2026-10-08T00:02:28Z,IBG-E-K8DV-A,Užimta
2026-10-08T00:02:28Z,IBG-E-M67E-A,Užimta
2026-10-08T00:02:28Z,IBG-E-MQ9V-A,Užimta
2026-10-08T00:02:28Z,IBG-E-NJIF-A,Užimta
2026-10-08T00:02:28Z,IBG-E-NMAT-A,Užimta
2026-10-08T00:02:28Z,IBG-E-O4O9-C,Laisva
2026-10-08T00:02:28Z,IBG-E-ONUG-B,Laisva
2026-10-08T00:02:28Z,IBG-E-P3L6-A,Laisva
2026-10-08T00:02:28Z,IBG-E-PQAF-A,Užimta
2026-10-08T00:02:28Z,IBG-E-QLZ1-A,Užimta
2026-10-08T00:02:28Z,IBG-E-R8XC-A,Užimta
2026-10-08T00:02:28Z,IBG-E-VFBT-A,Užimta
2026-10-08T00:02:28Z,IBG-E-W6W5-A,Užimta
2026-10-08T00:02:28Z,IBG-E-W8DL-A,Užimta
2026-10-08T00:02:28Z,IBG-E-W90U-A,Užimta
2026-10-08T00:02:28Z,IBG-E-WNHI-A,Užimta
2026-10-08T00:02:28Z,IBG-E-WPKT-A,Užimta
2026-10-08T00:02:28Z,IBG-E-WX5E-A,Laisva
2026-10-08T00:02:28Z,IBG-E-XC8V-B,Užimta
2026-10-08T00:02:28Z,IBG-E-YPON-A,Užimta
2026-10-08T00:02:28Z,IBG-P-3N8E-B,Užimta
2026-10-08T00:02:28Z,IBG-P-CMRC-C,Laisva
2026-10-08T00:02:28Z,IBG-P-T3T9-A,Laisva
2026-10-08T00:02:28Z,IBG-P-Z0LC-E,Užimta
2026-10-08T00:02:28Z,IGN-E-03-0-B,Laisva
2026-10-08T00:02:28Z,IGN-E-04-1-B,Laisva
2026-10-08T00:02:28Z,IGN-E-08-0-A,Laisva
2026-10-08T00:02:28Z,IGN-E-08-0-B,Laisva
2026-10-08T00:02:28Z,IGN-E-0WRJ-B,Laisva
2026-10-08T00:02:28Z,IGN-E-0X0P-B,Laisva
2026-10-08T00:02:28Z,IGN-E-0X0P-D,Laisva
2026-10-08T00:02:28Z,IGN-E-11-0-C,Užimta
2026-10-08T00:02:28Z,IGN-E-12-0-A,Laisva
2026-10-08T00:02:28Z,IGN-E-12-0-B,Laisva
2026-10-08T00:02:28Z,IGN-E-13-0-A,Laisva
2026-10-08T00:02:28Z,IGN-E-13-0-B,Laisva
2026-10-08T00:02:28Z,IGN-E-31-0-B,Laisva
2026-10-08T00:02:28Z,IGN-E-370-E,Laisva
2026-10-08T00:02:28Z,IGN-E-41-0-A,Laisva
2026-10-08T00:02:28Z,IGN-E-41-0-C,Laisva
2026-10-08T00:02:28Z,IGN-E-43-0-C,Laisva
2026-10-08T00:02:28Z,IGN-E-47-0-B,Laisva
2026-10-08T00:02:28Z,IGN-E-47-1-A,Užimta
2026-10-08T00:02:28Z,IGN-E-48-0-A,Laisva
2026-10-08T00:02:28Z,IGN-E-48-0-B,Laisva
2026-10-08T00:02:28Z,IGN-E-4FMJ-A,Laisva
2026-10-08T00:02:28Z,IGN-E-52-0-A,Laisva
2026-10-08T00:02:28Z,IGN-E-52-0-B,Laisva
2026-10-08T00:02:28Z,IGN-E-55-0-A,Laisva
2026-10-08T00:02:28Z,IGN-E-55-0-B,Laisva
2026-10-08T00:02:28Z,IGN-E-59-1-C,Laisva
2026-10-08T00:02:28Z,IGN-E-5JPD-C,Laisva
2026-10-08T00:02:28Z,IGN-E-5WNJ-A,Laisva
2026-10-08T00:02:28Z,IGN-E-5WNJ-B,Laisva
2026-10-08T00:02:28Z,IGN-E-7EOQ-H,Laisva
2026-10-08T00:02:28Z,IGN-E-91-0-A,Laisva
2026-10-08T00:02:28Z,IGN-E-96-0-E,Laisva
2026-10-08T00:02:28Z,IGN-E-9862-B,Laisva
2026-10-08T00:02:28Z,IGN-E-ARDZ-F,Laisva
2026-10-08T00:02:28Z,IGN-E-B3XL-B,Laisva
2026-10-08T00:02:28Z,IGN-E-E11O-A,Laisva
2026-10-08T00:02:28Z,IGN-E-E11O-E,Laisva
2026-10-08T00:02:28Z,IGN-E-EE11-B,Laisva
2026-10-08T00:02:28Z,IGN-E-EJRC-B,Laisva
2026-10-08T00:02:28Z,IGN-E-EJRC-D,Laisva
2026-10-08T00:02:28Z,IGN-E-EJRC-E,Laisva
2026-10-08T00:02:28Z,IGN-E-EJRC-H,Laisva
2026-10-08T00:02:28Z,IGN-E-EORG-A,Laisva
2026-10-08T00:02:28Z,IGN-E-EORG-B,Laisva
2026-10-08T00:02:28Z,IGN-E-G3T8-B,Laisva
2026-10-08T00:02:28Z,IGN-E-GFSB-A,Laisva
2026-10-08T00:02:28Z,IGN-E-JAC3-B,Laisva
2026-10-08T00:02:28Z,IGN-E-JAC3-C,Laisva
2026-10-08T00:02:28Z,IGN-E-KNOD-B,Laisva
2026-10-08T00:02:28Z,IGN-E-L1KH-B,Laisva
2026-10-08T00:02:28Z,IGN-E-N0SS-A,Laisva
2026-10-08T00:02:28Z,IGN-E-NE2E-B,Užimta
2026-10-08T00:02:28Z,IGN-E-O3DO-D,Laisva
2026-10-08T00:02:28Z,IGN-E-P0C6-A,Laisva
2026-10-08T00:02:28Z,IGN-E-Q5OR-A,Laisva
2026-10-08T00:02:28Z,IGN-E-QHLZ-B,Laisva
2026-10-08T00:02:28Z,IGN-E-QHLZ-C,Laisva
2026-10-08T00:02:28Z,IGN-E-R2J5-G,Laisva
2026-10-08T00:02:28Z,IGN-E-RENO-A,Laisva
2026-10-08T00:02:28Z,IGN-E-RENO-B,Laisva
2026-10-08T00:02:28Z,IGN-E-RUN2-B,Laisva
2026-10-08T00:02:28Z,IGN-E-SVZ2-A,Laisva
2026-10-08T00:02:28Z,IGN-E-U1F3-B,Laisva
2026-10-08T00:02:28Z,IGN-E-UPEA-B,Laisva
2026-10-08T00:02:28Z,IGN-E-VXXT-C,Laisva
2026-10-08T00:02:28Z,IGN-E-W9H3-D,Laisva
2026-10-08T00:02:28Z,IGN-E-WPL8-D,Laisva
2026-10-08T00:02:28Z,IGN-E-XGTY-A,Laisva
2026-10-08T00:02:28Z,IGN-E-Y8OC-C,Laisva
2026-10-08T00:02:28Z,IGN-E-Y8OC-D,Laisva
2026-10-08T00:02:28Z,IGN-E-YHRH-A,Laisva
2026-10-08T00:02:28Z,IGN-E-Z2TM-B,Laisva
2026-10-08T00:02:28Z,IGN-E-ZCP6-C,Laisva
2026-10-08T00:02:28Z,IGN-P-Y7PY-B,Laisva
2026-10-08T00:02:28Z,IKR-E-E449-A,Užimta
2026-10-08T00:02:28Z,ION-E-YZNJ-C,Laisva
2026-10-08T00:02:28Z,ION-E-YZNJ-E,Neveikia
2026-10-08T00:02:28Z,LLT-P-7SZU-D,Neveikia
2026-10-08T00:02:28Z,LLT-P-7SZU-F,Neveikia
2026-10-08T00:02:28Z,LLT-P-BHD9-G,Laisva
2026-10-08T00:02:28Z,LLT-P-ESBP-D,Laisva
2026-10-08T00:02:28Z,LLT-P-L6HE-A,Laisva
2026-10-08T00:02:28Z,STR-E-3FMF-A,Laisva
2026-10-08T00:02:28Z,STR-E-3SXI-A,Laisva
2026-10-08T00:02:28Z,STR-E-3W2P-B,Laisva
2026-10-08T00:02:28Z,STR-E-4762-A,Laisva
2026-10-08T00:02:28Z,STR-E-4903-A,Laisva
2026-10-08T00:02:28Z,STR-E-92KW-A,Laisva
2026-10-08T00:02:28Z,STR-E-D3MB-A,Laisva
2026-10-08T00:02:28Z,STR-E-WYFE-A,Laisva
2026-10-08T00:02:28Z,STR-E-WYFE-B,Užimta
2026-10-08T00:02:28Z,STR-E-Z2PJ-B,Užimta
2026-10-08T00:02:28Z,UNP-E-033C-A,Laisva
2026-10-08T00:02:28Z,UNP-E-8G60-A,Laisva
2026-10-08T00:02:28Z,UNP-E-9TF6-A,Laisva
2026-10-08T00:02:28Z,UNP-E-B9VQ-A,Užimta
2026-10-08T00:02:28Z,UNP-E-HQKM-A,Užimta
2026-10-08T00:02:28Z,UNP-E-L09K-A,Užimta
2026-10-08T00:02:28Z,UNP-E-PQGG-A,Laisva
2026-10-08T00:02:28Z,UNP-E-R8P0-A,Laisva
2026-10-08T00:02:28Z,UNP-E-SRNK-A,Laisva
2026-10-08T00:02:28Z,UNP-E-Z4Q6-A,Laisva
2026-10-08T00:06:24Z,ETR-E-I19H-A,Neveikia
2026-10-08T00:06:24Z,ETR-E-RKKH-A,Neveikia
